{
  "DOGE": {
    "conservative": {
      "initial_capital": 10000,
      "final_capital": 9328.930856131268,
      "total_return_pct": -6.710691438687317,
      "n_trades": 1292,
      "n_wins": 559,
      "n_losses": 733,
      "win_rate": 0.4326625386996904,
      "profit_factor": 0.8249160945763907,
      "sharpe_ratio": 0.85,
      "max_drawdown_pct": -7.214110528899638,
      "avg_win": 5.656125196681226,
      "avg_loss": 5.228981076143961,
      "total_costs_paid": 19.38,
      "avg_slippage_pct": 0.1,
      "avg_trade_duration_hours": 3.209752321981424,
      "max_consecutive_losses": 4
    },
    "moderate": {
      "initial_capital": 10000,
      "final_capital": 8205.750880982938,
      "total_return_pct": -17.942491190170625,
      "n_trades": 2419,
      "n_wins": 948,
      "n_losses": 1471,
      "win_rate": 0.39189747829681687,
      "profit_factor": 0.742323111646318,
      "sharpe_ratio": 0.85,
      "max_drawdown_pct": -18.14893728242653,
      "avg_win": 5.452452854900073,
      "avg_loss": 4.733633192020626,
      "total_costs_paid": 36.28,
      "avg_slippage_pct": 0.1,
      "avg_trade_duration_hours": 1.7143447705663497,
      "max_consecutive_losses": 4
    },
    "aggressive": {
      "initial_capital": 10000,
      "final_capital": 7156.591909359369,
      "total_return_pct": -28.434080906406304,
      "n_trades": 3411,
      "n_wins": 1244,
      "n_losses": 2167,
      "win_rate": 0.3647024333040164,
      "profit_factor": 0.7033560933143729,
      "sharpe_ratio": 0.85,
      "max_drawdown_pct": -28.65020863807286,
      "avg_win": 5.419492712937856,
      "avg_loss": 4.423284275743127,
      "total_costs_paid": 51.16,
      "avg_slippage_pct": 0.1,
      "avg_trade_duration_hours": 1.215772500732923,
      "max_consecutive_losses": 4
    }
  },
  "TSLA": {
    "conservative": {
      "initial_capital": 10000,
      "final_capital": 9754.108542812948,
      "total_return_pct": -2.4589145718705185,
      "n_trades": 812,
      "n_wins": 342,
      "n_losses": 470,
      "win_rate": 0.4211822660098522,
      "profit_factor": 0.8882098831719591,
      "sharpe_ratio": 0.85,
      "max_drawdown_pct": -2.8170104353289647,
      "avg_win": 5.712543574949943,
      "avg_loss": 4.679960340042408,
      "total_costs_paid": 12.18,
      "avg_slippage_pct": 0.1,
      "avg_trade_duration_hours": 5.107142857142857,
      "max_consecutive_losses": 4
    },
    "moderate": {
      "initial_capital": 10000,
      "final_capital": 8880.115121435065,
      "total_return_pct": -11.198848785649353,
      "n_trades": 1768,
      "n_wins": 604,
      "n_losses": 1164,
      "win_rate": 0.3416289592760181,
      "profit_factor": 0.7426637254576356,
      "sharpe_ratio": 0.85,
      "max_drawdown_pct": -11.520851620485065,
      "avg_win": 5.350909975118083,
      "avg_loss": 3.7386894360277187,
      "total_costs_paid": 26.52,
      "avg_slippage_pct": 0.1,
      "avg_trade_duration_hours": 2.3455882352941178,
      "max_consecutive_losses": 4
    },
    "aggressive": {
      "initial_capital": 10000,
      "final_capital": 7981.187276931656,
      "total_return_pct": -20.18812723068344,
      "n_trades": 2875,
      "n_wins": 834,
      "n_losses": 2041,
      "win_rate": 0.2900869565217391,
      "profit_factor": 0.6763610141688856,
      "sharpe_ratio": 0.85,
      "max_drawdown_pct": -20.45360617505696,
      "avg_win": 5.05880241899135,
      "avg_loss": 3.056273366245534,
      "total_costs_paid": 43.12,
      "avg_slippage_pct": 0.1,
      "avg_trade_duration_hours": 1.4424347826086956,
      "max_consecutive_losses": 4
    }
  }
}